PRODUCT,TYPE
BBC,Motors
BB,Motors
S-Series,Motors
Series 310,Motors|Pumps
Series 406,Motors
Series 410,Motors
Series 410.1,Motors
MF 21-28-35,Motors
MF 46-50-64,Motors
SCM 012-130 ISO,Motors
SCM 012-130 SAE,Motors
Series 303,Motors
Series 403,Motors
Series 403.1,Motors
MV 46-50-64,Motors
Series 411,Pumps
Series 311.K,Pumps
Series 311.TF,Pumps
Series 405,Pumps
Series 411.K,Pumps
SAP 012-108 DIN,Pumps
SCP 012-130 ISO,Pumps
SCP 012-108 DIN,Pumps
W014,Pumps
W1 14-18029,Pumps
C1 14-18,Pumps
C2 21-28-35,Pumps
C3 46-50-64,Pumps
Series 416,Pumps
Series 416 LS,Pumps
SVH 062,Pumps
SVH 092,Pumps
SVH 112,Valves
SVH 130,Valves
MD3,Valves
MD37,Valves
MD55,Valves
MD77,Valves
MD95,Valves
MD105,Valves
MF3,Valves
MF21,Valves
MF41,Valves
MF51,Valves
MF57,Valves
MF69,Valves
MF77,Valves
MP3,Valves
MP29,Valves
MP45,Valves
MP51,Valves
MP85,Valves
MP93,Valves
MP117,Valves
DC4,Valves
DC8,Valves
DC10,Valves
DC14,Valves
DC16,Valves
DC18,Valves
PT3,Valves
PT21,Valves
PT27,Valves
PT39,Valves
PT43,Valves
PT49,Valves
PT55,Valves
V-O-M 43PPC-HDL,Valves
"TDV30 PMD, TDV100",Valves
ST2,Valves
ST41,Valves
ST51,Valves
ST60,Valves
ST80,Valves
ST98,Valves
ST122,Valves
ST164,Valves
ST197,Valves
AC2,Valves
AC6,Valves
AC11,Valves
AC12,Valves
EC2,Electronics
EC3,Electronics
EC19,Electronics
EC33,Electronics
EC41,Electronics
JK3,Electronics
JK19,Electronics
JK38,Electronics
JK55,Electronics
J1A,Electronics
J2A,Electronics
J2C,Electronics
RC4,Electronics
RC5,Electronics
RC6,Electronics
RC7,Electronics
RC8,Electronics
RC12,Electronics
SN3,Electronics
SN8,Electronics
SN10,Electronics
SN12,Electronics
SN13,Electronics
SN14,Electronics